Fluid,RMM,Kappa,p_crit,t_crit,W,cP_A,cP_B,cP_C,cP_D,pV_A,pV_B,pV_C,Rho
ACETYLENE,26.038,1.232714915,60.6,308.3,0.184,6.406,0.0181,-0.00001196,3.373E-09,16.3481,1637.184,-19.77,378.2
AMMONIA,17.031,1.313529844,111.3,405.6,0.25,6.524,0.005692,0.000004078,-2.83E-09,16.9481,2132.5,-32.98,682.6
ARGON,39.948,1.666706361,48.1,150.8,-0.004,4.969,-0.00000767,1.234E-08,0,15.233,700.51,-5.84,1400
BENZENE,78.114,1.062037417,48.3,562.1,0.212,8.101,0.1133,-0.00007206,1.703E-08,15.9008,2788.51,-52.36,870
CARBON DIOXIDE,44.01,1.300315176,72.8,304.2,0.225,4.728,0.01754,-0.00001338,4.097E-09,22.5898,3103.39,-0.16,1101
CARBON MONOXIDE,28.018,1.398844801,34.5,32.9,0.049,7.373,-0.00307,0.000006662,-3.037E-09,14.3686,530.22,-13.15,790
CHLORINE,70.906,1.329103733,76,417,0.073,6.432,0.008082,-0.000009241,3.695E-09,15.961,1978.32,-27.01,1470
ETHANE,30.07,1.204219605,48.2,305.4,0.098,1.292,0.04254,-0.00001657,2.081E-09,15.6637,1511.42,-17.16,540
ETHYLENE,28.054,1.256900352,49.7,282.4,0.085,0.909,0.0374,-0.00001994,4.192E-09,15.5368,1347.01,-18.15,570
FLUORINE,37.997,1.369015299,51.5,144.3,0.048,5.545,0.008734,-0.000008269,2.876E-09,15.67,714.1,-6,1500
HELIUM-4,4.003,0,2.24,5.19,-0.387,0,0,0,0,12.2514,33.7329,1.79,125
HYDROGEN,2.016,1.406216722,12.8,33.2,-0.22,6.483,0.002215,-0.000003298,1.826E-09,13.6333,164.9,3.19,71
HYDROGEN BROMIDE,80.912,1.398072154,84.4,363.2,0.063,7.32,-0.00226,0.000004114,-1.49E-09,14.4687,1242.53,-47.86,2180
HYDROGEN CHLORIDE,36.461,1.398952349,82,324.6,0.12,7.235,-0.00172,0.000002976,-9.31E-10,16.504,1714.25,-14.45,1190
HYDROGEN CYANIDE,27.026,1.31077995,53.2,456.8,0.407,5.222,0.01448,-0.00001185,4.336E-09,16.5138,2585.8,-37.15,690
HYDROGEN FLUORIDE,20.006,1.399606096,64,461,0.372,6.941,0.0001579,-4.854E-07,5.98E-10,17.6958,3404.49,15.06,990
HYDROGEN SULFIDE,34.08,1.325148987,88.2,373.2,0.1,7.629,0.0003431,0.000005809,-2.81E-09,16.104,1768.69,-26.06,790
ISOBUTANE,58.124,1.101223154,36,408.1,0.176,-0.332,0.09189,-0.00004409,6.915E-09,15.5381,2032.73,-33.15,560
ISOBUTYLENE,56.108,1.108938091,39.5,417.9,0.19,3.834,0.06698,-0.00002607,2.173E-09,15.7528,2125.75,-33.15,590
METHANE,16.043,1.322084339,45.4,190.6,0.008,4.598,0.01245,0.00000286,-2.703E-09,15.2243,897.84,-7.16,420
METHANOL,32.042,1.247960873,79.9,512.6,0.559,5.052,0.01694,0.000006179,-6.811E-09,18.5875,3626.55,-34.29,790
METHYL CHLORIDE,50.488,1.273643855,65.9,416.3,0.156,3.314,0.02422,-0.000009288,6.13E-10,16.1052,2077.97,-29.55,920
N-BUTANE,58.124,1.099836928,37.5,425.2,0.193,2.266,0.07913,-0.00002647,-6.74E-10,15.6782,2154.9,-34.42,580
NEON,20.183,0,27.2,44.4,0,0,0,0,0,14.0099,180.47,-2.61,1200
N-HEPTANE,100.205,1.057162287,27,540.2,0.351,-1.229,0.1615,-0.0000872,1.829E-08,15.8737,2911.32,-56.51,680
N-HEXANE,86.178,1.066943,29.3,507.4,0.296,-1.054,0.139,-0.00007449,1.551E-08,15.8366,2697.55,-48.78,660
NITRIC OXIDE,30.006,1.388586126,64,180,0.607,7.009,-0.000224,0.000002328,-0.000000001,20.1314,1572.52,-4.88,1270
NITROGEN,28.013,1.398361057,33.5,126.2,0.04,7.44,-0.00324,0.0000064,-2.79E-09,14.9342,588.72,-6.6,810
NITROGEN DIOXIDE,46.006,1.301717776,100,431.4,0.86,5.788,0.01155,-0.00000497,7E-11,20.5324,4141.29,3.65,1450
NITROUS OXIDE,44.013,1.284441471,71.5,309.6,0.16,5.164,0.01739,-0.0000138,4.371E-09,16.1271,1506.49,-25.99,1220
N-NONANE,128.259,1.050465061,22.8,594.6,0.444,0.751,0.1618,-0.00004606,-7.121E-09,15.9671,3291.45,-71.33,720
N-OCTANE,114.232,1.04989702,24.5,568.8,0.394,-1.456,0.1842,-0.0001002,2.115E-08,15.9426,3120.29,-63.63,700
N-PENTANE,72.151,1.080775935,33.3,469.6,0.251,-0.866,0.1164,-0.00006163,1.267E-08,15.8333,2477.07,-39.94,630
OXYGEN,31.999,1.398648988,49.8,154.6,0.021,6.713,-0.000000879,0.00000417,-2.544E-09,15.4075,734.55,-6.45,1141
PHOSGENE,98.916,1.174346625,56,455,0.204,6.709,0.0325,-0.00003281,1.211E-08,15.7565,2167.31,-43.15,1403
PROPANE,44.097,1.138827354,41.9,369.8,0.152,-1.009,0.07315,-0.00003789,7.678E-09,15.726,1872.46,-25.16,504
PROPYLENE,42.081,1.162346225,45.6,365,0.148,0.886,0.05602,-0.00002771,5.266E-09,15.7027,1807.53,-26.15,490
SULFUR DIOXIDE,64.063,1.273692617,77.8,430.8,0.251,5.697,0.016,-0.00001185,3.172E-09,16.768,2302.35,-35.97,1480
WATER,18.015,1.330654686,217.6,647.3,0.344,7.701,0.0004595,0.000002521,-8.59E-10,18.3036,3816.44,-46.13,1000
STEAM,18.015,1.330654686,217.6,647.3,0.344,7.701,0.0004595,0.000002521,-8.59E-10,18.3036,3816.44,-46.13,1000
AIR,29.01,1.4,37.41,134.2,0.038,7.26,-0.00235,0.00000573,-2.67E-09,15.112,646.105,-6.524,870
NATURAL GAS - IEC,17.4226307,1.299762658,45.43996,198.80694,0.0178342,4.3041052,0.014815605,1.00476E-06,-2.17878E-09,15.21051257,967.153366,-7.752684,410
NATURAL GAS - UK,17.0162516,1.31657496,45.22242,195.66496,0.0137518,4.4830999,0.013955801,1.77965E-06,-2.43102E-09,15.24128498,927.974709,-7.725714,500
SANTOS CASE 1&4,25.171509,1.46,59.0773,286.2922,0.084559,3.260312,0.028484152,-8.51782E-06,2.82454E-10,15.7888805,1477.81205,-15.75087,520
GREY OWL,19.61416363,1.298286288,45.71063271,215.3602486,0.027728927,3.984736002,0.019311135,-1.51332E-06,-1.6737E-09,15.32814837,1035.80345,-9.500755003,550
Rich Amine,18.015,1.330654686,56,456.35,0.344,7.701,0.0004595,0.000002521,-8.59E-10,4.53013,1203.822,-23.716,1035
Crude Oil - Light,,,,,0.55,1900,3.2,0,0,6.20,1800,-40,825
Crude Oil - Medium,,,,,0.65,2000,3.4,0,0,5.85,1950,-35,876
Crude Oil - Heavy,,,,,0.80,2100,3.6,0,0,5.40,2150,-30,934